{
  "version": 1,
  "width": 115,
  "height": 29,
  "duration": 21.018536,
  "command": null,
  "title": null,
  "env": {
    "TERM": "ansi",
    "SHELL": "/usr/local/bin/fish"
  },
  "stdout": [
    [
      0.316832,
      "\u001b]7;file://marneb-macbook.fritz.box/Users/marneb/Projects/labs/remote-share-cli\u0007"
    ],
    [
      0.051669,
      "\u001b[1m\u001b[30m⏎\u001b[0;10m                                                                                                                 \r⏎ \r\u001b[2K"
    ],
    [
      0.000195,
      "\u001b[34m~/Projects/labs/remote-share-cli\u001b[30m\u001b[0;10m \u001b[90mmaster*\u001b[30m\u001b[0;10m\t\u001b[36m\u001b[30m\u001b[0;10m\r\n\u001b[32m❯\u001b[30m\u001b[0;10m \u001b[K"
    ],
    [
      1.607333,
      "r"
    ],
    [
      0.000295,
      "\u001b[D\u001b[31m\u001b[1mr\u001b[0;10m"
    ],
    [
      0.00046,
      "\u001b[33memote-share readme.md \u001b[22D\u001b[30m\u001b[0;10m"
    ],
    [
      0.082962,
      "\u001b[31m\u001b[1me\u001b[0;10m\u001b[33mmote-share readme.md \u001b[21D\u001b[30m\u001b[0;10m"
    ],
    [
      0.07669,
      "\u001b[31m\u001b[1mm\u001b[0;10m\u001b[33mote-share readme.md \u001b[20D\u001b[30m\u001b[0;10m"
    ],
    [
      0.118756,
      "\u001b[31m\u001b[1mo\u001b[0;10m\u001b[33mte-share readme.md \u001b[19D\u001b[30m\u001b[0;10m"
    ],
    [
      0.064925,
      "\u001b[31m\u001b[1mt\u001b[0;10m\u001b[33me-share readme.md \u001b[18D\u001b[30m\u001b[0;10m"
    ],
    [
      0.087572,
      "\u001b[31m\u001b[1me\u001b[0;10m\u001b[33m-share readme.md \u001b[17D\u001b[30m\u001b[0;10m"
    ],
    [
      0.215781,
      "\u001b[31m\u001b[1m-\u001b[0;10m\u001b[33mshare readme.md \u001b[16D\u001b[30m\u001b[0;10m"
    ],
    [
      0.168405,
      "\u001b[31m\u001b[1ms\u001b[0;10m\u001b[33mhare readme.md \u001b[15D\u001b[30m\u001b[0;10m"
    ],
    [
      0.176219,
      "\u001b[31m\u001b[1mh\u001b[0;10m\u001b[33mare readme.md \u001b[14D\u001b[30m\u001b[0;10m"
    ],
    [
      0.072786,
      "\u001b[31m\u001b[1ma\u001b[0;10m\u001b[33mre readme.md \u001b[13D\u001b[30m\u001b[0;10m"
    ],
    [
      0.103439,
      "\u001b[31m\u001b[1mr\u001b[0;10m\u001b[33me readme.md \u001b[12D\u001b[30m\u001b[0;10m"
    ],
    [
      0.087727,
      "\u001b[31m\u001b[1me\u001b[0;10m\u001b[33m readme.md \u001b[11D\u001b[30m\u001b[0;10m"
    ],
    [
      0.000352,
      "\u001b[12D\u001b[35mremote-share\u001b[33m readme.md \u001b[11D\u001b[30m\u001b[0;10m"
    ],
    [
      0.855753,
      "\u001b[35m \u001b[33mreadme.md \u001b[10D\u001b[30m\u001b[0;10m"
    ],
    [
      0.000262,
      "\u001b[D \u001b[33mreadme.md \u001b[10D\u001b[30m\u001b[0;10m"
    ],
    [
      0.111804,
      "r\u001b[33meadme.md \u001b[9D\u001b[30m\u001b[0;10m"
    ],
    [
      0.000356,
      "\u001b[D\u001b[36m\u001b[4mr\u001b[33m\u001b[meadme.md \u001b[9D\u001b[30m\u001b[0;10m"
    ],
    [
      0.064531,
      "\u001b[36m\u001b[4me\u001b[33m\u001b[madme.md \u001b[8D\u001b[30m\u001b[0;10m"
    ],
    [
      0.080069,
      "\u001b[36m\u001b[4ma\u001b[33m\u001b[mdme.md \u001b[7D\u001b[30m\u001b[0;10m"
    ],
    [
      0.150728,
      "\u001b[36m\u001b[4md\u001b[33m\u001b[mme.md \u001b[6D\u001b[30m\u001b[0;10m"
    ],
    [
      0.808238,
      "\u001b[36m\u001b[4mm\u001b[33m\u001b[me.md \u001b[5D\u001b[30m\u001b[0;10m"
    ],
    [
      0.120108,
      "\u001b[36m\u001b[4me\u001b[33m\u001b[m.md \u001b[4D\u001b[30m\u001b[0;10m"
    ],
    [
      0.167853,
      "\u001b[36m\u001b[4m.\u001b[33m\u001b[mmd \u001b[3D\u001b[30m\u001b[0;10m"
    ],
    [
      0.335381,
      "\u001b[36m\u001b[4md\u001b[30m\u001b[0;10m\u001b[K"
    ],
    [
      0.000396,
      "\u001b[8D\u001b[36mreadme.d\u001b[30m\u001b[0;10m"
    ],
    [
      0.383606,
      "\u001b[D\u001b[K"
    ],
    [
      0.000333,
      "\u001b[7D\u001b[36m\u001b[4mreadme.\u001b[30m\u001b[0;10m"
    ],
    [
      0.20044,
      "\u001b[36m\u001b[4mm\u001b[30m\u001b[0;10m"
    ],
    [
      0.000277,
      "\u001b[33md \u001b[D\u001b[D\u001b[30m\u001b[0;10m"
    ],
    [
      0.095647,
      "\u001b[36m\u001b[4md\u001b[33m\u001b[m \u001b[D\u001b[30m\u001b[0;10m"
    ],
    [
      0.520011,
      "\u001b[36m\u001b[4m \u001b[30m\u001b[0;10m"
    ],
    [
      0.000294,
      "\u001b[D "
    ],
    [
      0.520919,
      "&"
    ],
    [
      0.000285,
      "\u001b[11D\u001b[36mreadme.md\u001b[30m\u001b[0;10m \u001b[32m&\u001b[30m\u001b[0;10m"
    ],
    [
      0.621977,
      "\r\n\u001b[30m\u001b[0;10m"
    ],
    [
      0.034,
      "\u001b[1m\u001b[30m⏎\u001b[0;10m                                                                                                                 \r⏎ \r\u001b[2K"
    ],
    [
      9.3e-05,
      "\r\n\u001b[34m~/Projects/labs/remote-share-cli\u001b[30m\u001b[0;10m \u001b[90mmaster*\u001b[30m\u001b[0;10m\t\u001b[36m\u001b[30m\u001b[0;10m\r\n\u001b[32m❯\u001b[30m\u001b[0;10m \u001b[K"
    ],
    [
      1.051059,
      "https://learnedchance.localtunnel.me\r\n"
    ],
    [
      1.458789,
      "\r\r"
    ],
    [
      0.000127,
      "\r\n\u001b[34m~/Projects/labs/remote-share-cli\u001b[30m\u001b[0;10m \u001b[90mmaster*\u001b[30m\u001b[0;10m\t\u001b[36m\u001b[30m\u001b[0;10m\r\n\u001b[32m❯\u001b[30m\u001b[0;10m \u001b[K\r\n"
    ],
    [
      4.5e-05,
      "\u001b[30m\u001b[0;10m"
    ],
    [
      0.039321,
      "\u001b[1m\u001b[30m⏎\u001b[0;10m                                                                                                                 \r⏎ \r\u001b[2K"
    ],
    [
      3.1e-05,
      "\r\n\u001b[34m~/Projects/labs/remote-share-cli\u001b[30m\u001b[0;10m \u001b[90mmaster*\u001b[30m\u001b[0;10m\t\u001b[36m\u001b[30m\u001b[0;10m\r\n\u001b[32m❯\u001b[30m\u001b[0;10m \u001b[K"
    ],
    [
      4.865556,
      "c"
    ],
    [
      0.000244,
      "\u001b[D\u001b[31m\u001b[1mc\u001b[0;10m"
    ],
    [
      0.000566,
      "\u001b[33murl https://thunderingzipper.localtunnel.me\u001b[43D\u001b[30m\u001b[0;10m"
    ],
    [
      0.079314,
      "\u001b[31m\u001b[1mu\u001b[0;10m\u001b[33mrl https://thunderingzipper.localtunnel.me\u001b[42D\u001b[30m\u001b[0;10m"
    ],
    [
      0.000603,
      "\u001b[D\u001b[D\u001b[35mcu\u001b[33mrl https://thunderingzipper.localtunnel.me\u001b[42D\u001b[30m\u001b[0;10m"
    ],
    [
      0.135428,
      "\u001b[35mr\u001b[33ml https://thunderingzipper.localtunnel.me\u001b[41D\u001b[30m\u001b[0;10m"
    ],
    [
      0.000612,
      "\u001b[3D\u001b[31m\u001b[1mcur\u001b[0;10m\u001b[33ml https://thunderingzipper.localtunnel.me\u001b[41D\u001b[30m\u001b[0;10m"
    ],
    [
      0.087402,
      "\u001b[31m\u001b[1ml\u001b[0;10m\u001b[33m https://thunderingzipper.localtunnel.me\u001b[40D\u001b[30m\u001b[0;10m"
    ],
    [
      0.000587,
      "\u001b[4D\u001b[35mcurl\u001b[33m https://thunderingzipper.localtunnel.me\u001b[40D\u001b[30m\u001b[0;10m"
    ],
    [
      0.247816,
      "\u001b[35m \u001b[33mhttps://thunderingzipper.localtunnel.me\u001b[39D\u001b[30m\u001b[0;10m"
    ],
    [
      0.000662,
      "\u001b[D \u001b[33mhttps://thunderingzipper.localtunnel.me\u001b[39D\u001b[30m\u001b[0;10m"
    ],
    [
      0.281935,
      "https://learnedchance.localtunnel.me\u001b[K"
    ],
    [
      0.000315,
      "\u001b[36D\u001b[36mhttps://learnedchance.localtunnel.me\u001b[30m\u001b[0;10m"
    ],
    [
      1.01278,
      "\r\n\u001b[30m\u001b[0;10m"
    ],
    [
      0.879898,
